﻿pos_x,pos_y,rotation,side,designator,mpn,pack,footprint,value,mount_type
-115.707,-34.305,180.0,top,C1,,,CP_Radial_D4.0mm_P1.50mm,2.2uF,tht
-91.173051,-39.746138,7.907,top,D1,,,ComboDiode,D,tht
16.143,-29.93,-108.185,bottom,D23,,,ComboDiode,D,tht
-22.532,1.845,-93.96900000000001,bottom,D24,,,ComboDiode,D,tht
-40.157,6.12,-93.96900000000001,bottom,D25,,,ComboDiode,D,tht
-66.306616,4.519129,-82.093,bottom,D26,,,ComboDiode,D,tht
-84.457,3.495,-82.093,bottom,D27,,,ComboDiode,D,tht
-3.316771,-30.889771,-108.185,bottom,D29,,,ComboDiode,D,tht
-23.507,-15.005,-93.96900000000001,bottom,D30,,,ComboDiode,D,tht
-41.132,-11.13,-93.96900000000001,bottom,D31,,,ComboDiode,D,tht
-64.457199,-12.896722,-82.093,bottom,D32,,,ComboDiode,D,tht
-82.106828,-13.380172,-82.093,bottom,D33,,,ComboDiode,D,tht
-8.366771,-46.789771,-108.185,bottom,D35,,,ComboDiode,D,tht
-24.957,-32.83,-93.96900000000001,bottom,D36,,,ComboDiode,D,tht
-42.482,-28.08,-93.96900000000001,bottom,D37,,,ComboDiode,D,tht
-61.807583,-31.295851,-82.093,bottom,D38,,,ComboDiode,D,tht
-80.082,-30.23,-82.093,bottom,D39,,,ComboDiode,D,tht
-70.757,-44.73,-90.0,bottom,D40,,,ComboDiode,D,tht
-88.857,-54.13,-90.0,bottom,D41,,,ComboDiode,D,tht
-106.582,-54.38,-90.0,bottom,D42,,,ComboDiode,D,tht
-122.457,-22.73,-90.0,bottom,PSW2,,,power_switch,SW_SPDT,tht
-117.982,-43.185,90.0,top,R1,,,R_Axial_DIN0204_L3.6mm_D1.6mm_P5.08mm_Horizontal,4.7k,tht
-122.432,-43.195,90.0,top,R2,,,R_Axial_DIN0204_L3.6mm_D1.6mm_P5.08mm_Horizontal,4.7k,tht
-120.182,-43.195,90.0,top,R3,,,R_Axial_DIN0204_L3.6mm_D1.6mm_P5.08mm_Horizontal,100k,tht
-121.207,-21.155,180.0,top,RSW2,,,reset_switch,SW_PUSH,tht
7.984009,-25.754725,-18.185,top,SW23,,,SW_PG1350_reversible,SW_PUSH,tht
-31.381212,3.898228,-3.9689999999999994,top,SW24,,,SW_PG1350_reversible,SW_PUSH,tht
-49.113763,7.997816,-3.9689999999999994,top,SW25,,,SW_PG1350_reversible,SW_PUSH,tht
-75.224253,3.361836,7.907,top,SW26,,,SW_PG1350_reversible,SW_PUSH,tht
-93.715643,3.620517,7.907,top,SW27,,,SW_PG1350_reversible,SW_PUSH,tht
-11.488912,-26.655764,-18.185,top,SW29,,,SW_PG1350_reversible,SW_PUSH,tht
-32.396477,-12.962043,-3.9689999999999994,top,SW30,,,SW_PG1350_reversible,SW_PUSH,tht
-50.094637,-9.110078,-3.9689999999999994,top,SW31,,,SW_PG1350_reversible,SW_PUSH,tht
-72.892517,-13.427015,7.907,top,SW32,,,SW_PG1350_reversible,SW_PUSH,tht
-91.377028,-13.217858,7.907,top,SW33,,,SW_PG1350_reversible,SW_PUSH,tht
-16.488868,-42.697373,-18.184999999999985,top,SW35,,,SW_PG1350_reversible,SW_PUSH,tht
-33.706214,-30.246235,-3.9689999999999994,top,SW36,,,SW_PG1350_reversible,SW_PUSH,tht
-51.453809,-26.082452,-3.9689999999999994,top,SW37,,,SW_PG1350_reversible,SW_PUSH,tht
-70.796849,-30.551532,7.907,top,SW38,,,SW_PG1350_reversible,SW_PUSH,tht
-89.038414,-30.056234,7.907,top,SW39,,,SW_PG1350_reversible,SW_PUSH,tht
-79.772217,-52.927126,0.0,top,SW40,,,SW_PG1350_reversible,SW_PUSH,tht
-97.855118,-52.914592,0.0,top,SW41,,,SW_PG1350_reversible,SW_PUSH,tht
-115.607609,-52.979176,0.0,top,SW42,,,SW_PG1350_reversible,SW_PUSH,tht
-104.445162,-35.566931,97.907,top,U1,,,RollerEncoder_Panasonic_EVQWGD001,~,tht
-110.579461,-8.087046,-82.09300000000002,top,U2,,,ProMicro_jumpable_eric,nice_nano,tht
-115.407,-30.055,90.0,bottom,U3,,,trackpoint,~,smt
