﻿Designator,Quantity,Value,Footprint,Package,MPN,DNP,Mount_Type,Description,Sim.Device,Sim.Pins
C1,1,2.2uF,CP_Radial_D4.0mm_P1.50mm,,,,tht,Unpolarized capacitor,,
"D1, D23, D24, D25, D26, D27, D29, D30, D31, D32, D33, D35, D36, D37, D38, D39, D40, D41, D42",19,D,ComboDiode,,,,tht,Diode,D,1=K 2=A
J3,1,BAT,SolderWire-0.1sqmm_1x02_P3.6mm_D0.4mm_OD1mm,,,,tht,"Generic connector, single row, 01x02, script generated (kicad-library-utils/schlib/autogen/connector/)",,
PSW2,1,SW_SPDT,power_switch,,,,tht,"Switch, single pole double throw",,
"R1, R2",2,4.7k,R_Axial_DIN0204_L3.6mm_D1.6mm_P5.08mm_Horizontal,,,,tht,"Resistor, small US symbol",,
R3,1,100k,R_Axial_DIN0204_L3.6mm_D1.6mm_P5.08mm_Horizontal,,,,tht,"Resistor, small US symbol",,
RSW2,1,SW_PUSH,reset_switch,,,,tht,,,
"SW23, SW24, SW25, SW26, SW27, SW29, SW30, SW31, SW32, SW33, SW35, SW36, SW37, SW38, SW39, SW40, SW41, SW42",18,SW_PUSH,SW_PG1350_reversible,,,,tht,,,
U1,1,~,RollerEncoder_Panasonic_EVQWGD001,,,,tht,,,
U2,1,nice_nano,ProMicro_jumpable_eric,,,,tht,,,
U3,1,~,trackpoint,,,,smt,,,
